{
  "cli": {
    "appVersionSource": "remote"
  },
  "build": {
    "preview": {
      "android": {
        "buildType": "apk",
        "env": {
          "ENV": "preview"
        }
      }
    },
    "production": {
      "android": {
        "buildType": "app-bundle",
        "env": {
          "ENV": "production"
        }
      }
    }
  },
  "submit": {
    "production": {
      "android": {
        "serviceAccountKeyPath": "./google-play-key.json"
      }
    }
  }
}
